user_id,offer_id,user_age
093425d6b8a0c747f0ea7e03edcdcc2c,1,0
0b346b09780450a9420b8251759ec7bb,1,0
0c11d22aea4cbcb7908a3e4509fca050,1,0
0ef0b676bebbcf5046104c27c642c95c,3,0
1001d1935ccf07127386fe5f9bff51cb,1,0
13dd0a1135c99f886ff4006aa3c820ba,0,0
13f059b30c9412bf4278337b23941e91,1,0
17ffc74d0a963b61f7c04843703a49f9,0,0
191c62d342811d1a0d3d0528ec35cd2d,1,0
1e9f183fdcb1439df06b39b382b73fc5,3,0
2084bc2c25ea3e06ababaca8654d8bdc,0,0
261e94c8bd5be8a6d96b08174a053e2a,3,0
2aa6d15e74b7a8122894a3196756724a,1,0
2f803d26ce47b9f9de9af69e5b73e3d1,3,0
3057ed379d86d22f0d349626be93b518,1,0
34f8d03275476f4b1f0e18c39d0cced2,0,0
350035841e1182bf4389c52752d8bd0d,3,0
35a0f1963430da063133ba27d695f851,1,0
37fc487ab6d2b447b8c767892ba60c64,1,0
3c88a3512dba36566e1b3253c8c0e476,0,0
3dc7a59772f09f208e83860dbc548e2f,1,0
42c05e2c5d1aae1131821206730451db,1,0
44cdea3ba11527b847ff44a286958d17,3,0
45fbc6d3e05ebd93369ce542e8f2322d,1,0
495360cbf18a7d5004ff72f49254e069,3,0
4f97b077257bc3754bf87d1aa6965739,1,0
510731ac096ebcb3989fb1ed5b7075bb,3,0
5443f922c7834b725b0688b2d77a1ff2,1,0
582d3a30d3910caa95dd1805d3e4f9a0,0,0
5bd529d5b07b647a8863cf71e98d651a,1,0
60a6a2bbb35f181c7968046d304e2ef4,1,0
61ba87bf4177f576150389d84d14bb01,1,0
638d47139efc03d8e8381d5c3c16b8de,0,0
64032936861acae6d3f4aaa0c94184f2,0,0
641fa0b1a3fff695481b7916bdcef618,1,0
66de6afdfb5fb3c21d0e3b5c3226bf00,1,0
671f60ea09b13a4fe03b3d0ecf5c9a53,1,0
698b75822e5343e2d315180b2fcbb5a0,0,0
6a83cd48b0fc245146c20bfed5223a60,0,0
6b04380b67c55d6075bc2f0a9534f0cd,3,0
6ba7a2ebe0487e7276a4fdcd81eadbfe,1,0
6cdcff861dfae52e213c13e412073ed7,3,0
6d628faa2a6071cdbebc37ae626c7bf0,1,0
740f0ae2a2a8c9163df39ee718e1343c,3,0
79523483207cf046d052ee0fe11c049c,1,0
7b497aa1b2a83ec63d1777a88676b0c2,1,0
7bb3ce9af7339cbc77307511d02ee1c7,3,0
7ec5f76a90c16e97fa29d818fcfaaa33,0,0
8142ec170100efb7e9b094ad284f6b8c,0,0
8296396f4a364c8058e13bb79a2d7c46,1,0
842efe847039f0f979d17167a42f1acd,1,0
8721e32f7be426fb9fd2e347dbec4018,3,0
8934776177902eeb30ef39b047c6b1ff,3,0
894d4b4665b798cc65d67cd6a32706aa,1,0
8c3b50b8ec30d193d47be99100ef44a5,1,0
8fa32786809e15b9acbe03074ded4a0d,1,0
8fa32786809e15b9acbe03074ded4a0d,3,0
9000fd3e33ab8b5f33b60f5a067f1ba7,0,0
90260a036ba6436a5d7b284f27f4c050,1,0
91adc0b4a4d3c438b79e27d3768a00ae,0,0
922dcfdcc5792cd2364cbcce9b00c96e,1,0
950c53c380726db3db5af07d51cda033,1,0
98a7f5c2958c41976cfdaf6a5a62825d,1,0
9a118e10f7b76bafab2705dff8c70aef,0,0
9d684c589d67031a627ad33d59db65e5,1,0
9eed2445f52956c80acaa2a450f0ed33,0,0
a20260c9c6a9016c10a87c79e54087ad,0,0
a3eeb85d2a4dfc1d8ef3321de5130a7e,0,0
a432563860847cae6bc06d64bf81d0df,0,0
b4ef33d9fc6b2532fb6cac7aa7538798,3,0
b6512ba2ef13d7241ba28dbf20bff5a7,1,0
b8cfbf77a3d250a4523ba67a65a7d031,3,0
bacea30d16b0bb49c20bbd59106591e4,1,0
bbb1f737383f5df4345c5695768bbd7f,1,0
bbb1f737383f5df4345c5695768bbd7f,3,0
be29a77514abbab45ce7c52d27ee292d,3,0
c0c7e4d87b31f2802c65c8405d5b2f53,0,0
c40c01024a2299498ce379d3253daec4,1,0
c451e9d211975ecd46ad41205e75cc78,3,0
cbd7e1ea96f0018b23ba4ec5bc285b06,1,0
ccfd98c86e7b61077857f03af80b7d0f,1,0
cd0aa8fd32e50313c088ac604f407738,0,0
cef2ea09f36245c2a5791e30d4718b4a,3,0
d011b9b04d04a1b75f638f4c2f22f298,1,0
d22caca6e9dd9d4331771f9040a625d8,0,0
d6fe6704ce0ba3f90939e966186477aa,0,0
d7d6b6338cb4eae8b79433d3637f8370,3,0
da0558919aed169aa1629678a6ebd2da,1,0
dca7085d5af68e91d19ed7cb75e1dd86,3,0
dca7085d5af68e91d19ed7cb75e1dd86,0,0
de2d7f51a1ae278e5016c9c2d551be06,1,0
de44e30cd456891d7f9a9b4926c0c7fa,1,0
e0e2b58d64fb37a2527329a5ce093d80,1,0
e1909f0a4f33658033f4951deed9985f,1,0
e83d05690ab3fc026f33bdeb666ce56e,1,0
eb3f249ea5c5b054997c944258ddbe93,1,0
ec7b61ad3a002c9cabd9f980dddf1f50,1,0
ed1c95743a5308d87a947c4a1f3681d1,0,0
f1c7c00c71db5bba46087dc084f3297c,0,0
f34185c4ca5d58e781d4f14173d41e5d,1,0
f3e5c68b0bd83bc0473ab351301c666c,0,0
fbe1efb5d0b302e6390e0039086eb0f0,0,0
675be3930765f553975c0b140bbf0863,3,6
1437751a77305a0c4c8d44127bd8c285,3,7
675be3930765f553975c0b140bbf0863,3,7
1437751a77305a0c4c8d44127bd8c285,3,8
c3e878e27f52e2a57ace4d9a76fd9acf,1,8
960a11a4601a7c97b0c171654688d787,1,9
c3e878e27f52e2a57ace4d9a76fd9acf,1,9
35ddc9c9f94f165d5a7733b7c28d68e4,3,22
4fd83dfba849a83ebb2fc66c64514477,3,22
54a00bd8786090df4d5db7b8a78bdccd,3,22
c5e353fa4d06d8d14770bd4d3dea33f5,1,22
dbc4d971889417b0f4cb0434de170a51,3,22
e2aaec431441475515895f41adc16ad8,0,22
edb446b67d69adbfe9a21068982000c2,3,22
3b7cd3a5ad79da7f656f33072ad212fe,1,23
90c9acf337005013884727424781ca24,1,23
edb446b67d69adbfe9a21068982000c2,3,23
3b7cd3a5ad79da7f656f33072ad212fe,1,24
90c9acf337005013884727424781ca24,1,24
a4519cf8b3ad2702f943f34e78020d39,1,25
55efcf54295637f183dac24b4162e519,1,26
8334730ef64bf0481c0cd8487bb4be5a,1,26
d62d547b691386d375cb41d01cdfdcc5,1,26
010560ade6819511f38ca60253d34614,1,27
088ad47d610c3e2f2f8e0be419476c26,1,27
1862178243d292b424cf3c2c212946bf,1,27
62e8619340b160ee5343ec3f1d463df3,1,27
fdb7e81a28de5b0884ef1dadb665d0dd,3,27
043c3d7e489c69b48737cc0c92d0f3a2,1,28
088ad47d610c3e2f2f8e0be419476c26,1,28
1862178243d292b424cf3c2c212946bf,1,28
1f9ac3a1a7d5f086a2223a45491dc693,1,28
974bfc5fe4a49f0b9a25a11938ff15ee,1,28
a315bdf88b50b168c9e19c10092dafc5,1,28
afbed158db1cda49899498f896582635,1,28
c51ce410c124a10e0db5e4b97fc2af39,3,28
e9814d39a4c12b62c35bcf855b94bab4,1,28
1e80de8378094480b1f638d60fbf7304,1,29
4d698123a27f0a1998e038ce87dad664,1,29
51203e71e8fb06958612debeb929e18d,1,29
63d3c4278f1fa46692a48514fde6d6cf,1,29
797cfefe4ce5035329df898e109fba09,1,29
9340113410887504dbba05a37f589592,1,29
9524e537bbbc5c9b576ce696c79e3492,1,29
981ac3863f62f11cbd49199b6748cd73,1,29
a5575c8858a3867a857bea85027ee76e,1,29
a5575c8858a3867a857bea85027ee76e,0,29
a84075d2e53a0a007ecf5c4cf87f94c0,1,29
a88025fa7946064f3dced78a9f8ff42d,1,29
c51ce410c124a10e0db5e4b97fc2af39,3,29
c56acdb20ec44b07fc93e4041dd64a42,1,29
d2ae79d7e5bc3bbe11947bbf25450f15,3,29
e39ca383a262d1475b4c1a09c9848e9f,1,29
ea734165193024428762ecd8cbe338db,1,29
09582397af0195ddace7b1ded3a9aec3,1,30
245c4e42e7169fc43bbdcb260e17c4a9,1,30
265c27b9de0cbee2fc47cbdca1b269a3,3,30
3e6b808910e60d4cc6f557057965d4ca,3,30
4bc455cdbba0406352264e4d2ebad52e,1,30
4d698123a27f0a1998e038ce87dad664,1,30
4e6583f71a1bfefc7db80b476acb9d43,1,30
59495dda55063c90e74d8761976f3229,1,30
5985738daa5869dd0130393a918dee02,1,30
700aca82457a53c588e8e1873716b269,1,30
715f05913d7273ee44ee962f5bfc2b10,1,30
71c865e90067d6a67dcf81fc841b6e5b,0,30
7fcc48d22804dbbe9b66b607d51389d4,0,30
8d70a49aa04daef1ff57762246c51978,1,30
9524e537bbbc5c9b576ce696c79e3492,1,30
97ef7f4a6f519343cfcc3c26a3639178,1,30
c0ff0663ed27f132278173331a8cc773,1,30
c964cb22adb469b8f5dd53423e9cb6d1,1,30
d360a502598a4b64b936683b44a5523a,1,30
d5fcc35c94879a4afad61cacca56192c,1,30
e046db19cf98153bca6fb502f472c188,0,30
e45e346bebac5fb8db1d1c63f751f3d8,1,30
e6ff83e1ef07a44b5c037a8048adf152,1,30
f611825af60735b6da1d7ad6e214915c,3,30
0364bd2ae20b846f3bee08d205958c49,1,31
04bb7ef9d9b70e7b0ba24757bfcb2f58,1,31
150319923275625ca702e238329ea297,1,31
2a26f6b78163ee4d2cac584d31d724e6,0,31
2f1421c4bf2281937b843ce96b3c4a5c,1,31
31425a9c4643e7a96a938b365741d6ea,1,31
3f32aabc5aa9ba61b38fce8580464495,3,31
3ff50ac95922d7134f0a2090daabcd22,1,31
4bd0346813adc91828bef800c0709c5a,0,31
50c24be28671a9fca6dd79e78d393363,1,31
52f26d40d996e993c2c5a48ab6b12221,0,31
56347b253e2db8ccdcc26e93fc09adaf,3,31
58df327a0c58b0cb6fb9eeaaaca1c3f5,1,31
5f15805708a114ef82febede1e7419ac,1,31
5f248e7564f60b201436c2b4ff45d213,1,31
618e7a22fcad351eec22a1e15ff1e844,1,31
652643549ae5328be26237ff3ed72091,1,31
65eaa36a536e484a25c6168d9ea8639d,1,31
70ca6646e4de632e328ba9ec1f17af4b,3,31
8c5bc603d10c82c4caeed882fab7389d,1,31
9017b88dd5537297e20a8a912599bfc3,1,31
b20bd2a22c7f0aef29ab5a4cb1934f71,3,31
b3b6ae1aebf71d4871a11e75290c9365,1,31
b52e08f34404599cc699fc3f7d43c840,1,31
b8e734726b4fdd64338209d53f06308d,0,31
b9ce9e13bb37ee33e702cbe12d8e1852,0,31
c2548102b88c93d3e07039cc19d43afc,0,31
c5778edf9a3ac31130f92d3bfe5587d0,3,31
c7fc7548cfba28455f30c8f28b40e11d,3,31
ca35c18f5ddfa42e8d37b561dc3c2d64,3,31
cd4e9ea43d04220d6f90db0e66758a51,1,31
ce8ff54cc28466b0b264f0c2b5893287,1,31
d0c3caa0898e81fb66985964a40cc3a7,3,31
d6f6c883f237e2e2f2f418b0fa686134,1,31
e45e346bebac5fb8db1d1c63f751f3d8,1,31
e6ff83e1ef07a44b5c037a8048adf152,1,31
f2682c2ed6193e284aef8107b2e62a4e,1,31
f2ea6b70a9c515c8329c8aae171b2fa8,3,31
f4bf4f74b0d91f232a18883a6ec5e85a,3,31
f7eabb16f5527507fc1236f156c5b816,3,31
fc101571dc468c3ebd4105b9cb3ad33e,3,31
02bf86214e264535e3412283e817deaa,1,32
150319923275625ca702e238329ea297,1,32
16546826b19b6bd13a2f8f99d80ed8d6,0,32
175aa6d014bd69c1942db361f24148d1,1,32
21a6140219cde60c18e2be6077c82235,1,32
2db9f30839751e6714522e71cdad18b5,1,32
36de40b7d85a7e39ca22d7543186441a,1,32
4216a63a4a40cd16ad257098ec9d361a,1,32
45a962b1dde50fed65ca1b9c5e4cb0ca,1,32
56106ccc7569a20c6c30083efea7c80a,3,32
5de132297ebc8d62abc21f82228d6484,1,32
884332e16606b05a678686ad1f7ecf7c,1,32
8a283d0e712537aa0e0017b889c01f2f,1,32
8f63a0e8ef285fe19d434a01018fb1e2,1,32
9220e227473606b49610b3ebbdce2887,0,32
abe9685dfe5c5885a866b7d1c3527d66,1,32
b3b6ae1aebf71d4871a11e75290c9365,1,32
b52e08f34404599cc699fc3f7d43c840,1,32
b5c01503041b70d41d80e3dbe31bbd8c,3,32
c11882a99863bff5e6bd3680ceda63a1,1,32
c1310a75abcf64560c2842885d865139,1,32
c7fc7548cfba28455f30c8f28b40e11d,3,32
d26e5e36c1b0b620407eadabb6c0c5c2,1,32
d9896106ca98d3d05b8cbdf4fd8b13a1,1,32
e8d2bfd6b72ae1962048c12bf70847cd,1,32
e9be4db96ce3f48c1c8815ff922d75fe,1,32
ec4ef880bb32bdb98e9ab21061080d1f,0,32
ee13409dfdfeb5e3a817d6c4dab23a84,1,32
0ac574271e1eeb4244e7d6dfbeb92e05,1,33
1184dd76c85df5a9514fd4a4c15a6da1,1,33
17e8f2a4f3a1dbc256e2a59ae4f5f6e8,0,33
1a2c955f92629ec92758b3262d368484,1,33
2175f8c5cd9604f6b1e576b252d4c86e,3,33
29875feadcc5e54f8fc455457bae3a79,1,33
36de40b7d85a7e39ca22d7543186441a,1,33
3842d5a521b379aee9b8d6e04923220d,1,33
450f22a64f9498b7866afc9cb4437328,3,33
4fa302c679e1aa216f3c5163c487a2cb,3,33
5077458d511d7e589bdc2b5edb504b06,1,33
521b52df480aeb6bcbae5121b05d2771,1,33
52db470b48c160e840b24bcd484822ca,0,33
6bf81c0d08f96fd9a18549232e3f1fdc,0,33
74b9074a0381ad166ea246549ca19e03,1,33
74d66337fbdf4781f030008356a86771,1,33
76b06a7d11a97ab93fe44202497b6c3c,0,33
83d0f6798412185d63bc51121ec1a636,1,33
8791797a54af0368a5b99a61f44c025b,1,33
8e3647570bb708028b9ca7c17fa6c841,0,33
9b9a5303223f2a28af00763d156fcb20,1,33
9cb1730ea71eb5e0b759f440ebf4e9ba,1,33
a283c2fa682d70aae6928ffd73c13363,3,33
a6807243689c76d0e34230e8e6ce5ca9,1,33
aaadfffa3fb5556bcfbd939c903cd4b1,1,33
b46713030b30fcd0aa0df367db16ce9a,1,33
b9ae1231c7a63eac20a46f2c6c14679a,0,33
bcbaa49d78ab4eef4f920f4dddc6945c,0,33
d26e5e36c1b0b620407eadabb6c0c5c2,1,33
d9896106ca98d3d05b8cbdf4fd8b13a1,1,33
da5bdb313233dfad319d0c27a95e12f3,1,33
e0cd3f16f9e883ca91c2a4c24f47b3d9,3,33
e804a3e088d734b12a3a2acffb77f37a,3,33
e8a902c874a6a4ff43e4c3d385b5a432,1,33
ea2befea2efb3cff74e1f086f2e65bdd,1,33
020e3e36116fa2175efc76885d034450,0,34
1272c4ded61ed458d6006961b59d243e,3,34
1ba23406aa09ee38a3c9b059b546140e,0,34
23433e65ebaa189fbdd3a8e4b0accb4d,3,34
2658bb0f73ceb372cacae503e15fa4a1,0,34
266c430a5f40c90947ba9db582a37f54,3,34
443b3031b8a21af367cec47fa7195821,0,34
4901bb0ca66492709c3cf19d91f86538,1,34
4f87658ef0de194413056248a00ce009,3,34
5988089586734f6480bd8cc5f367f99b,1,34
5ccdf872c56cb8746edf48f05347f7c9,1,34
66ae75d6754a66616d9e67e84220930d,0,34
6b5164a8d014ee16fea26af0119d9bd4,1,34
7209375983416cef4eb2d1007716ce7e,1,34
74d66337fbdf4781f030008356a86771,1,34
8791797a54af0368a5b99a61f44c025b,1,34
93b5d0a2d499bef07d64956316956d4a,1,34
94bd9019809c66c3062af895d0c35364,1,34
95bcb11b7e64d8e315c375739f79bd1e,1,34
a53e61f4db66d41b9062c9b69a64680e,0,34
ad12ce483a21096462633fb7059ccb60,1,34
c0f49c5381a2d524df80bae0badfbd8b,0,34
cfa923167b0f8ddf89336213d8de511a,0,34
d9f1790acc4889f3c2e4fbbf91a6770a,0,34
e5f3e690874abc12b31cecd8dd786261,0,34
ebebec2b88b787c1d6a4d0c457791651,1,34
f60bb6bb4c96d4df93c51bd69dcc15a0,3,34
f60bb6bb4c96d4df93c51bd69dcc15a0,1,34
fb5d9e209ebda9ab6556a31639190622,1,34
fc015875f9a4e789b38138a630852f40,1,34
007a337775d0fb61adc0b8ca1cfcbd4f,1,35
095a8836a440f22170666468b2582cca,1,35
095b9ca141a7fe8ff452b0529d24254d,0,35
1327ba7b9fb5263d8ab0ee04e79befd7,1,35
188c09ed900a447fb5d63c4887f4873a,0,35
18eb3f1b2a6d1d9a347e8f2a34d85eb5,1,35
1ce83e5d4135b07c0b82afffbe2b3436,1,35
29ebd78340b902a499261da7621db2e4,1,35
337cd73a31464dd4adfc3c5dbc356cd0,3,35
36cc12d41329e93720c82b2cdf4b522c,1,35
3938cc4afc6d967811de40f6f0ef57b5,1,35
4b3cc1a848df6aafa59e0959c57be805,1,35
536a42af25500bebfbb7ab88d3ac1b16,1,35
53e798641b82ec967a375c9cde2b8671,1,35
60c937973e75c6519e9e22a7561427f3,1,35
64684063daaca172a2126f1563d94943,3,35
6ad0d290bb224e1655b5ee736b812d3b,3,35
726390422ef6c77f1f26eef8484c1286,1,35
7992308d89ff6b43bc197c8ef9bd934b,1,35
806fbb5ccf4d491007a7e7ec2f5db462,1,35
8528df291a8f8144cd10430be8ad0848,1,35
8852539314597477cbdb3ead419304dc,0,35
8bcbcc4871f2bfe28b339ebb471a89c8,1,35
8ccfb1140664a5fa63177fb6e07352f0,1,35
8e8336b19eec4f492acff4a97a5a4bf4,1,35
91f7542916a631d88ce5eee0456a4902,1,35
94fa5f78e27806634ed49dce1e090e2f,1,35
ba542f3617078b0be2f95e64e425e190,1,35
ba573ff7a6a9e470635649d2e972274c,0,35
bea3205ddeb3466a65acb75e9d3b941f,1,35
ca8f0604222d01681e211a903ea53063,1,35
d6aec079befecaf9354f34dabcb75e26,3,35
d89953d0064e6cbf0ad201beadcda213,3,35
dbc50898cf582dfebd6d7adf4eaf9eb6,1,35
ea216c679b6a57e25a1d7063c7b5df4c,1,35
ead59d02f0e9f9937681a29f9f857eb0,1,35
03429e74d7b707d8e432b2d3bf2747f4,3,36
0fd5171a9cfc92189d2f18e3e1d02d3a,1,36
11ed73c2ef64d6935425221ef46bb7ba,0,36
314005d2fc08ed6049d7dc6a63b113a5,1,36
3327ac9d7be0fd80bae3913c89eb6344,1,36
377fad15273438fbf2269f8bf7a60406,1,36
3d9728c728f49af2642c560be7cc3f79,1,36
55d7aa47aae8b64e7b71c1bb2226cbf0,0,36
65ad0b79772b337afe3a4acab5d4f696,1,36
67555db3c49a316cd278d364495031d2,1,36
6f7706e1ea34241c52d9d6f6f29dc35d,1,36
7604c44de3835a00816074ddcf0425ad,1,36
80806fde0d52ca0976c2df069ff7ba3a,1,36
870a6e0fc19379f8ee2c8c53d463d930,1,36
8e8336b19eec4f492acff4a97a5a4bf4,1,36
8f967e843348430c08a2cf6e32d5fefe,1,36
8fecedfdf7187d3029495961c310dade,0,36
9127ff68cacf678c3b92cfeff39a89a1,3,36
98158382da26600e8ecc96abac3f0043,1,36
99fcace4df608059bd575c5fdd907304,1,36
9fbd5351c17e3add7327c5db24953e3e,1,36
a1d0c6e83f027327d8461063f4ac58a6,3,36
bba6bca05fecde04c682328e44b974b7,1,36
befeb1e70820393808a1a90c008dafa5,0,36
c8568b04602e97f104a70c2a139022bf,1,36
dcf411af60c0993d8831aaf0cbecf9f7,1,36
ee71e9af36413d25ae238726bf22b812,1,36
fd5eb3f5becb6d13e81ca1d26b84e384,1,36
ffd1571c1aa76f260a59169e5af45d2e,3,36
03516eefb191e65d77f6558f94802ab5,3,37
0c45cb6f29fc51ccb25f77ae8859d90e,1,37
0c4c93af131c294eb21bd79fd3c8b8f3,1,37
103a8e491df2e3ffd62b55b89e026ade,0,37
1f9afb22ccba54f9791bc836a6c73dd5,1,37
3327ac9d7be0fd80bae3913c89eb6344,1,37
33906a61ccd1b3fcdd80833e367c547e,1,37
3576b86d51693788f2b0ee641d1c789d,1,37
39d1f35ce12636b8139ca12adc27d191,1,37
3fd737a35eb037b9fb727cdda6094665,1,37
414e773d5b7e5c06d564f594bf6384d0,3,37
4556dec3f91f3818dd45f5ba56aaa2f3,1,37
4691eb2624cd2d5de8e78247f546d150,1,37
478ee79434a295d016f91d90ea301bcc,1,37
4d0dfdc68a789811d7b4faa941b7bdc0,1,37
51fdf24b41064f0a58b1e71258bf605a,0,37
60a678bd097888ecd6f42cbabbd796a0,0,37
616b1c9e337ff41e8583360e682e4b79,1,37
616b1c9e337ff41e8583360e682e4b79,0,37
63e0bdf67fc5d2720c0e6de6294364d5,0,37
66f5c30f1fb85e8d6ef568bc4e079bf1,0,37
710e9627ce2fa9b6399a841bf035e002,1,37
78f7d96ea21ccae89a7b581295f34135,1,37
83211097dfb9998d953342700f056506,3,37
85493640a07dd9d8ba3dd85a331ce1c9,1,37
874af7ab886dd5ad7c8306d0c2f6ac83,3,37
87790d780fcb098a59c07554cea98075,1,37
87bf97f8fd8489c0327c634f82ea5ab5,0,37
889da769f9507a4c97dfa153c9566088,1,37
8ab52645e992be6ab84658d38104a86f,1,37
8d59119b8f541235413ec8793c57c252,1,37
8f967e843348430c08a2cf6e32d5fefe,1,37
94d2a3c6dd19337f2511cdf8b4bf907e,0,37
99d03090e8ee1a599c5cfa6b22936dd2,1,37
9f6c1cbb3bcd61ca4be2ddd8100731f1,1,37
aa3ed589a31c5a0a13e40aaf1f9925df,1,37
aedd1a002e5ad51cfab580e5dfdbacd3,1,37
ba73e67221d571367994bec2adcc8663,1,37
bb2331ca7fc604fed9ef6ca7ecc78acb,1,37
c4b7241ef9627bc5be1416453fe6ff6e,0,37
cf7f9d5c874159a22202e9a45d491f70,1,37
dcb63974e7efcb5cf46738cb2a22edf1,1,37
e30208d9f2c195e040b882cda8639a43,0,37
e7e9d68d8e0d4383c405840ba53a2baa,1,37
e888cb273120b113c7f2f6bd192e8cec,1,37
f5f06f7e3057ef8a6220b9810bb49c29,1,37
0245aaafcb3873d98ad052c37bda9720,3,38
03516eefb191e65d77f6558f94802ab5,3,38
08530749f625cc4e6f62428fa299c13c,0,38
0f6a9b1f3b73c1ca559152f80b07a58a,3,38
169bc2beda50a827ad9ddf643000478e,0,38
195a38a8c8958075f9ef7356143120f4,1,38
2c6ac01ac0d8ea3ae36555a9d181f9e5,1,38
2f2bf01b37dcf09fc664ac73bcb45dfb,1,38
3576b86d51693788f2b0ee641d1c789d,1,38
3e1004180d18b03e795d19eb71243c46,1,38
3e9cead2c9b3e1d6763b44f9d32ee667,3,38
46fd13af5a665aaa8cb95c8484f00b2b,1,38
5013ac533f51f7285c6dfe8a156f7252,3,38
5e380a772291a4b1427561284cbfe95a,3,38
6d583d0f097eec08b6bf62c88ceee57c,1,38
6f5ff3384140770094287989d84fc424,1,38
710e9627ce2fa9b6399a841bf035e002,1,38
73d0663fc5a283f398f9647004562f00,1,38
777edd76f611296c1c9e9ac4bde4bb9c,0,38
8327d9ff4051c0ea7c367e17e35433af,1,38
87bf97f8fd8489c0327c634f82ea5ab5,0,38
90848b9635a895df1dfffd049ac4d5eb,1,38
a3891a389b4e26c3a0f5374ef9c22c3f,1,38
a6f3fc416954612ff16e437a8f4bc336,3,38
a8ea52b51a5b3f4c1f5fe7ddaa3ca0e5,1,38
b8bd27a519a05cf12c8b078551c5116c,1,38
d35919f25d252bf7c86f81ea8ab44022,1,38
d656dce2996a3f140e9e9d50c01e62e9,3,38
dbad4637e9603f99c662d614e13692ce,1,38
dbce2086d38925b140fcca7d519bb6bf,1,38
e43c419895f9a7ce3edf71d72bc8d784,1,38
e4da3b7fbbce2345d7772b0674a318d5,3,38
fde1fa89fef59f233ca35499a216c1af,0,38
0458a0ead9ee04b756af4b5eca26749b,0,39
062cbb86e9ef7ac073b2c8a142203e60,0,39
105405695aa6c6e0e203fbf4df13a1d5,3,39
11136038f92a8c8766d59900b6d1f78c,1,39
195a38a8c8958075f9ef7356143120f4,1,39
2219d2f4e007a928f43c7a0c99b841f7,1,39
382342c5c2fe4c5e710ff2daf93fdd93,1,39
3aaf180b7039e25d7a00ac48b7aaf1f9,1,39
47dd727f85fa9ce8621f7f5d60f09ed0,1,39
57f1c8b74db9fd40fb4e6b4c355ec5c4,1,39
706d2f4d70207f52998df45db5c30329,0,39
729e143adf99a42ff71a1627c4a0c331,1,39
766e428d1e232bbdd58664b41346196c,1,39
76890d7313afc1e1c81ec4808c0e6213,3,39
82d6e6364f4ad73b10a13adffea3498f,1,39
8445cc198063cba2fac67192094c0f54,1,39
9d7671fd138179222242d7a3e849ad25,0,39
9ee113cae575478fbf8a3fddc6fe96c8,1,39
a2d1d0139c74f800fad72732debc51b4,1,39
a7c1b5e3b341f1b148adb94d00f60dc1,1,39
ac0bfdba5fb1f97273dbcc5039c665c4,3,39
af9e420fb558b4fde9e2ea2144801917,0,39
b2b5c3f809a944639ee349e4f0f25ce9,1,39
c245884455077d94b6d45df1afd76b50,3,39
c7c9e15f134a6515268050f8016a6728,1,39
cb88dd3b026a57e94ba84b797d1cf7f2,1,39
cdff5e5dccd5935366fc8d7197e0ea7a,0,39
d2455f33e5e1eda52d8a4245e1cac7bf,3,39
dcae59eb2aed882ae1452bf903cb8263,1,39
e43c419895f9a7ce3edf71d72bc8d784,1,39
0595dfffa53837dac805418e81874b16,1,40
062cbb86e9ef7ac073b2c8a142203e60,0,40
0e1b788f07d441674915c548a05430b9,1,40
10818d8bd3be29a11db602c548aacf1e,1,40
22dae3194fe396b55b8f85d4dc1ba663,1,40
25b29aadad853462145d60fc6583ba30,1,40
296706c8cb3938a14bdafcec99eece11,1,40
2a2af1a09813c3af45797543fd2643bb,1,40
37aafba3cc0599b466fa52ca22e99015,0,40
3d0fe36c5dd11cb04fca3bc912aed263,1,40
44a33876aae0d0dbd3a67020d95c9158,0,40
4d76cabc2451fced8e5a3b434736cf4b,0,40
4dea382d82666332fb564f2e711cbc71,1,40
5954aab31b20ab1c654f77689fa95561,1,40
5f18d08dbe17ea69647d84c9c72c3343,0,40
604c12c5af8cfd55118f834561ea09ac,1,40
620b00c9436ba545642a8cf994cbd165,3,40
6248eabcb5cfa3f50311358122343d57,3,40
6248eabcb5cfa3f50311358122343d57,1,40
64ebc7938101c555ea0d437c536fcf3d,0,40
70c549b28626adf8c0d6349053a844af,1,40
74cbfea3178c30580e950b0dcfcef246,0,40
77da2f07ed6c94afa27b5f113bea7ebe,0,40
7b8804a5576a0dcede8afe9445d2f511,1,40
7ee550c75612f6f150104c1341c41710,0,40
80aae12a2f493b10462a06e6a794a0f8,1,40
82d6e6364f4ad73b10a13adffea3498f,1,40
968913c4658e7cab5cf9018732c81a3d,1,40
97d76da2da761b24da717c1a4ffdbfe1,1,40
9ee113cae575478fbf8a3fddc6fe96c8,1,40
a4a6364d7272569d05a916ab0f4c1d9b,1,40
ac0bfdba5fb1f97273dbcc5039c665c4,3,40
accb3d09ffadebc01008a9672acf8279,3,40
b55f4e394b05df9235283898e67a3405,0,40
ba7984033d8ceaabe0975ccc231b1e45,1,40
c3965c7cb15a227f10194e7e546547e6,1,40
c8aa40a3dc492d7c89be026b254eea80,1,40
c9f0f895fb98ab9159f51fd0297e236d,1,40
d2455f33e5e1eda52d8a4245e1cac7bf,3,40
da7667a22ea7ad12af360650b733406f,1,40
e3a146ec81bc9bd0b93d8ef3d52ecc3e,1,40
e5acbfa0e9588a2dc0706cf1d69797f0,3,40
f4eaf7890f54b8c8bce852fc8a9305a3,3,40
f689a1e798919c2339070441fbdc656e,1,40
0920cfdbbce6f68f30a1f280c4cd535e,0,41
0c76959930b1154ab215d47a20c05e92,1,41
0d056cb65729981066d83ad9ea7e7325,1,41
0e1b788f07d441674915c548a05430b9,1,41
1c514993e87918a1612b33bbd22f8ec5,1,41
32feaf72a87f8ad3c55ea0052423a6ac,1,41
3c6c53eba1efc5e2683da9b93aa069e7,0,41
3f76b066564722188816bb6a96c704e0,3,41
458407d6173e7123b03e368e41f4ec14,1,41
490a1add6f5bdf986c2dcb9ffceeeda1,1,41
5092fbc973d38309f043691ec7ddaa17,1,41
5d260580916ec67bb173a08553291d3d,0,41
61217977634900cfa9983f8fdc8ff935,1,41
620b00c9436ba545642a8cf994cbd165,3,41
69d1b01bf24853798374c5b12508d964,0,41
70386b1a05d9528ee02b3d56e5ed479f,3,41
79a9887268cef1276b3c9e33cc29580f,1,41
79f716ae481096d7d96c68e4adb90d61,0,41
8eb41b0bc93534cdb469ce402246c4c0,1,41
942f78cea5c01f3aecc9f82941e317e1,0,41
9e14bedbbcee37b0b4f4127f59c84840,1,41
aa20ab47a7449dcaa06a3bb78a01121c,1,41
aca49daec57b423d08d2462a1bc90413,1,41
bf49d9b95c4323471f62fe8c58922658,1,41
cacb37f6accabb97e6f8f639248df7f6,0,41
cf77e1f8490495e9f8dedceaf372f969,3,41
d52b6847e7fa558e79f6da958b42fdb0,1,41
d67bbf6c21d3c2557dfadb7c061279b8,1,41
de60ca796800d6bb788fd85515edb452,0,41
dfb3c4addd7edd94ca94b27dbf84b048,1,41
ea95de08542db1d94fe393abd1a5ce8d,3,41
ef72261af6f17a20f709cce80eec2b09,1,41
fa2292696c87b582893b3e642a4944d0,1,41
02a32eac27fa3615e7d7ed51fae06c28,1,42
06d4eb1198bf27571ecb67c1cf073c47,1,42
0a32aa189594d5b7f0fa4afb2cf48784,3,42
0c76959930b1154ab215d47a20c05e92,1,42
0cf16b858e2c54eef1c1a248a13e398c,3,42
16ad66b2d7d7eda19f34e2f6197e2236,0,42
26e3dcb90aa10011db5b660c463f325f,3,42
3143ec0b842f16544cff29c9d3495583,1,42
32219fc0673febe138946e6dd7b4f8f7,1,42
3550a2db8c40cf7ee43cfafb42f9936e,0,42
35c3ea931592aa9a513960b041ef43c5,1,42
378b888ec3cdae28f09b5d98ae07af1d,1,42
394e0edff8747c6508e355a6bab42934,3,42
3a15883c5e8334bed9b6d09c1ac37591,3,42
3c6c53eba1efc5e2683da9b93aa069e7,0,42
40c5149a618649350ae25c59e9f76e46,1,42
4295e6273a77f92819615646682016f6,0,42
4491e3b53b2927d21cfef53e66058bd5,3,42
46123e470d3226911c48df4e9867b9db,3,42
4682148543f172df976b063c6fac4559,0,42
554dd443e805459f0e6bcb9b0a11da7b,0,42
557562cb5fcc445dd58f182d21bd005a,1,42
580bd020755162f8b77da573d718cb76,3,42
5d32da8362ea6f3745f982d40a1b5de6,3,42
63aa6680ffdbedff257a2c5bcb2cc27f,1,42
70386b1a05d9528ee02b3d56e5ed479f,3,42
74bc28b16fb2a3320e1a59a9809fb712,1,42
7b30f91b07d1ad79738cbd4373dc8eb8,1,42
7f9091631492f7ea8536750ebb3e1973,3,42
7fafb24610856160c9cd06b7e6aff85e,1,42
875ff3ca531559aea4b3a2c97ad187e7,1,42
8d566a338d7758ba07b0fade172590cc,1,42
9ad78e4550c5dcaa9d09d5247dd099f0,0,42
a2ce26a2d728f5850260ca52ee555ad7,3,42
a363cf4a30ce18d182534e396ab9adbb,3,42
a9097d3ac40cbc27a590a796ca96eb7f,1,42
af169f486d7476b9cdeede5fae328de1,1,42
b56e3960d3b3075f46e862488ed4979a,3,42
bb0046cb5fb279e3b64aeeab654a01cf,3,42
beaacbdc5a3db277107894695dd88fff,0,42
bf49d9b95c4323471f62fe8c58922658,1,42
cacb37f6accabb97e6f8f639248df7f6,0,42
cb4cf4a9e888032d18ea13b926b7bd9b,1,42
cd1704247d40f06c714ff7e4a2044541,3,42
d083eb9e6cd7dec2573c1710c3cc828e,3,42
d40d3e3e2ad301c56970262114c23d5d,0,42
d65f8add84a0c2abb6b95de814de40fd,1,42
dbe1a0a2c9bd9241b3499318bf96f756,3,42
eacd7cf92d91123924e9d815b799a4fa,3,42
eae5f13231cdefd8f5af75ceceee1401,0,42
efed01381bf074030cf0d98e8862140f,0,42
f54a993e214a2ab48c6382550feefe94,1,42
fff7e2f1fae495c72974a5b6e0e15a56,0,42
00f0e81b0824e5d0972458fd5e4690c2,1,43
02013c65ef7edd5082ad23a2d3480af7,1,43
049eca9721c958b68495a1f95710dd66,1,43
0cf16b858e2c54eef1c1a248a13e398c,3,43
1091267c6322ddc546912c53feee9b59,0,43
12fb280539b52b8af43bc481a36533f9,0,43
2310101c94b85572f10e3651d6b21827,1,43
368ebc61caca016ee8f82746d9be824a,0,43
37b10ee75311ca81049477e99192186c,0,43
37ca85d15a3e8bebdbd7c2c27fc91ddf,1,43
3cb7db32bce3d9b1db8d8645f3831fd8,1,43
432a0df9f5145cd66bfd2d8ecc40ba7d,1,43
490f0f7ce2d2f0b6c837111d59279db4,1,43
4a9955cfc38695cfffd41d015d915f3b,1,43
528a1aa248b1d665a910e47a6cd48d56,3,43
63aa6680ffdbedff257a2c5bcb2cc27f,1,43
759f0d4f6dac1bdebc86efbb8b918485,0,43
8683c752ef4e4d49c674fb1e0731fcdc,1,43
869d5051fd78f97e77e577a44a4016da,1,43
926c11cc055de9b8d697b6a587d40c4d,3,43
96515ef70697b07777a661c8b8e6991f,1,43
978362ce7b096266e2cefb878aa3250b,3,43
9be5eabacd58e1ba76ab0c04ade10ef1,1,43
9e5bee5aea8a49ca6f8e8e77c2f2fd93,0,43
a1db3f3be1f403c0c4c36ce2201fce04,3,43
a34848198746e4940ef4e9f716e21dad,3,43
a4a55b0e747e1fa52017969a87dc023e,1,43
afd9f2e6557b6fa5e31e48fd8c4537fb,3,43
b21b5b647dd0780d2f24b355506ca5c6,0,43
b30be338efa14f74a40949dbafd02b57,1,43
ba798db80e8e2502b5999dca4e451857,1,43
bd470ca955d9497bbcb808e59952fffc,1,43
bfcd5de391fbd9c279991faf1b695ac0,3,43
c585d6db50b97b5911378439d364b8c7,1,43
c97a48be1c92a725d28ca1bdcb46569d,1,43
cb8b53d8f10f0ddb5e422aff9e6586fe,1,43
d2891397e3e245b2d1824b0a904c4615,1,43
de4514a30c37d9b1b353bb403c16c7d2,1,43
e208540082992909d012297cbc49c425,2,43
e6f9f1f17c7719e47be2eccd10cf7960,1,43
e741af5122aa30caca38a4c9197acc49,0,43
efed01381bf074030cf0d98e8862140f,0,43
ffa4aa203f2680e8f1a219a581fc6e35,1,43
0d09eb4f936b360b303eca27d1806d20,0,44
18856b47d46e2a7ddf650bdadc3b81e3,1,44
1a31076f2aeb1e7d69120c9f85c3a8da,1,44
2112ab83913c678c2295f5ee6fe4b4d7,3,44
2661986e857fcc47e4d668f9fbb790f5,0,44
2c6a0da0d0aa9662498810462d206d1e,1,44
368feb4c88d5ec4e3f985a9a8bd48fe4,0,44
37b10ee75311ca81049477e99192186c,0,44
37ca85d15a3e8bebdbd7c2c27fc91ddf,1,44
4273c1ab6c06f0ab45601c304fbee848,1,44
51be93928f920ffeed931b2ffcdaa69c,0,44
65f9a6f86f6d14d525b4b7a2a6d7c488,1,44
73d902a311212ce1a045b48cc5cb2e22,1,44
767d01b4bac1a1e8824c9b9f7cc79a04,1,44
78cb7ade595d2259cfd77287a08ce957,0,44
7a6037a202e4e6e379d4aae9a18c4d7a,1,44
7efb96a70bbee8eee02c824f8de455d0,0,44
81dea4bd05b844420ad614fc29807abd,0,44
9227f1b615d3c24b7e71b5b2ffdc66db,0,44
92af93f73faf3cefc129b6bc55a748a9,1,44
93560799498c801c480c1e8081270889,1,44
9f62ea0294fb99f8f87d4f6ebfce664a,3,44
abdeb6f575ac5c6676b747bca8d09cc2,3,44
adf30de150e0c2ad1c93a0430f0b18d2,0,44
bc59de27d45b3137eb6325d756206a52,1,44
cb8b53d8f10f0ddb5e422aff9e6586fe,1,44
d37a4794d6e3e3136f27b5e6ac12aca1,3,44
e369628fed6bf2eebe51b12efe570e6b,3,44
e3a12411483c17ea35ce5ce5f564939a,1,44
f35c47bc42c89e502dfb24f90260b224,1,44
ffa4aa203f2680e8f1a219a581fc6e35,1,44
06f7a7e471f64b97771fdf6b3a5c35ea,1,45
1686fde464199f78af6afd6b89d0e42b,0,45
1786aec3a614d40f1e566fde557a1799,1,45
2112ab83913c678c2295f5ee6fe4b4d7,3,45
2c6a0da0d0aa9662498810462d206d1e,1,45
32d731756071485f3a60e6af2a736730,1,45
368feb4c88d5ec4e3f985a9a8bd48fe4,0,45
5152a56d9cfbc98ec10c31feb859d506,1,45
631fdf62751b912853571934edebd99e,3,45
633b67b962433fc787e9ed2039392aba,3,45
67d96d458abdef21792e6d8e590244e7,0,45
6f36e1f8f98b715a428c94ee2a009288,3,45
7f4d88c10bf5c1a399193f8eea74c464,3,45
7f66bec5e8366e841436e69b05b207f2,0,45
91418bd2588bdad9a86978c6a43e152c,1,45
928226be87199f26e42928b5c6a57072,0,45
a6faeb4bb63b0eafd284a4a4fa11229d,1,45
a85edfa24307bad582dbfb9713d7eb6b,3,45
ac9409d10ea7b978d52b9e977ef787cc,1,45
bb8fe1003b5cd2fb18ad2f7fb81b513d,1,45
e1435cf753c25fc38a04f19ff1a4666b,3,45
ea3b9f43878dbb5ca6e1540d31279314,0,45
071327b1624f853037479ef9a937e276,1,46
08d8596549840710d2814fd629118287,1,46
17aaf799d33b31dcc74899acf12d3f3a,1,46
1b34d47c57a081fbfeec93a1065e69bd,1,46
2dd4a1be6ff578dbeb94bd9f31d58952,1,46
319fd8c45a08ab006ad64523becfa651,1,46
31f81674a348511b990af268ca3a8391,3,46
3fc4da65247af7ffd942e8ba951710e7,1,46
4c01c1b641a24c17a2c4112f656d70d3,0,46
5280ca10fb6e323934e03096dc550b9c,3,46
52be9a3e67fd260012512f554fa1966c,1,46
61b823417ea08204f249bf82f61ea6ac,1,46
6581994f673a1d155447a4de339d1d75,3,46
69ba42ee0d5e6f5811d9f557630349f8,1,46
6c19464078ea704a220ed929d1275d13,1,46
6e1e5a4b03f72aaaabb04228eaf56600,3,46
7980af5accaa7adb086c9b0a172646ff,1,46
7f66bec5e8366e841436e69b05b207f2,0,46
83c6d8df058a8b60d73ebf2a040b230d,0,46
91418bd2588bdad9a86978c6a43e152c,1,46
9dee60d3205c5eda2a74f342f26bc6e0,1,46
ab7b2bca347782590a62872584b52058,1,46
bd01d031c00f76b83aa17ffb32f50bf0,1,46
bd8952ecf2e3deed3d14cda227fb283b,3,46
cb9b19c0834d0de1757bbfaff39313d4,1,46
0e189c35adab992d274c294586143ec9,3,47
22a9611d0fd2999cbef2349cacf0b43e,3,47
35a0a8bb556b09f19af5d98626ed86ce,1,47
3fc7fae183f6f3d584ff276b03dcaa83,3,47
5b78e4b92dcf6a3f9c7207dd53420a11,1,47
76c008de4e26ccedbdd58b708b7fa572,1,47
7d024badb32c67d46407382b151e07c0,3,47
7edc7279497a862c52b36f706e4df215,0,47
8e06b42f1846574c5c5aefdc3014d0d0,1,47
a0e862b5c2de0352aeb851d943e6046c,3,47
ab7b2bca347782590a62872584b52058,1,47
b312b9801f17a220115887b8af19f5e7,1,47
b840211887fde6a925646799196f9fd6,3,47
bf472842ae228699f0293ab729a9edcb,0,47
d54003788e358092eac3c1cad611dd43,3,47
e9a0c2712fc916cfe783cf1a058b6823,1,47
eb86aefbfde3129306cc6bffafe12f5f,0,47
effd42a97c3a01885fbccf14414d238f,1,47
fb33498653d58197ce4a5a83e1189b43,1,47
ffc563b0683e1a40438f8f43dcb023dc,3,47
0aca829c00e4fe15c9523e665f681643,3,48
0ff74c21ff0ac1f18bbf423717c19c68,1,48
329fcd9ffedb872bd183c7e4292f68cc,1,48
4b2944dfea61be814911110c21ddd974,3,48
4f8c96e2509b984329044c6682c88ee9,1,48
5adc32047b824ee8b9b364c4105cf43b,1,48
76c008de4e26ccedbdd58b708b7fa572,1,48
793ba0ff4e6d71b2f951215982f65e0e,0,48
8490dafa7d36043604baaadcbc92d821,1,48
8f7a73fe6b9682ff2ad7400c0744a043,1,48
9a5e78cd1ad38253730eae583825cfb3,1,48
9b948b7343a2ff80205f346ba81775fb,3,48
9e4268fa7da89645f43793890dc88ac2,0,48
a585f855c29c6532b1eac76861263baf,3,48
ae56c4ee8aa8d0aaa347f6c6ee7e2118,1,48
b19d70e6a4646afbb2f4b1b527cdadef,1,48
b60a6736b3e7b219c0af086de7031939,3,48
b7e7b64a04a84276bfb4de3394282e13,0,48
b80988b469d168b79db40b9541a2dad2,1,48
ca189809173c7becf00886f60ce0a0a5,3,48
ce1542ca94b4c1147ab2c8155fb41578,3,48
e67bb3b8215d3b13b9a652e968cfd182,1,48
e9a0c2712fc916cfe783cf1a058b6823,1,48
effd42a97c3a01885fbccf14414d238f,1,48
effd42a97c3a01885fbccf14414d238f,3,48
f078b134dca35ff6ed14efd05f9d7233,3,48
f4b310ef418825163a4a9e2c3192a86c,0,48
f4bc52a50d3a7efd7f3e862a589ddb01,1,48
09ccf3183d9e90e5ae1f425d5f9b2c00,3,49
47e4e5eeba93176c105e12a82cb05afe,1,49
6e7b33fdea3adc80ebd648fffb665bb8,3,49
80ec4210386bbd9d09165774b39f151d,0,49
b34caaa41c545122c9b31631174b7015,1,49
b7e7b64a04a84276bfb4de3394282e13,0,49
bc02b0ae077f2908fbccbb39e5d5e94f,0,49
beb429835c98c74b0d4454d6d4731f60,0,49
c6f698e6ef9142277a072f8263ad1d76,3,49
dd82d58268453ca1c56996aa87e97fca,1,49
f858eb24b7431f7edaa558c91d558223,0,49
fe1d8ed2c7739bb53e65c510caba6881,0,49
115f89503138416a242f40fb7d7f338e,1,50
1169439cf7da26925f526ee4ba67c0da,1,50
128a5229d0f5f5b37dc63134903a8f8a,1,50
7c2f946d218016c9a87d721e301a61a7,1,50
8c460674cd61bf189e62b4da4bd9d7c1,1,50
9048bcbab40839ca5be092924e882257,0,50
b626e17288c77a09ff51123617dfeb48,1,50
bfb1a33f5706e510994e15e3158dfa5c,0,50
bfc8b5b3539ba27b2c5924fb2237a14f,1,50
d0af07dd1a56d59b950ab5ec94cb1d97,0,50
d55e7f514f0a6a39a5246624e0b71c33,3,50
d6f0145e37b352c23b3be941964fb6c8,3,50
dd82d58268453ca1c56996aa87e97fca,1,50
dda6f31d99c9c6f43cb4635576339b03,0,50
e4e8ee2e59c19fe02eb0508b96302b7a,0,50
e9ccdd291fef56008e603ae58374a332,1,50
f3bfe49494c82e6e9a2afaf65c8071ba,0,50
f98ade851961eee37c4188750ca6768c,0,50
07365c076434e4a06fd3939a59dda2d6,3,51
13093e8abca5e2ba53026b61597bc48b,1,51
2f2856c066a258205133d8bbc2875825,1,51
55ca8eca9671911db5c1cc7deedcdb16,0,51
626a9808b7a8f2f66a754476a2a87a37,3,51
83a442237042b27cb4b7a3b4e0131883,3,51
a174bdb91c7bebf95d8136720af01f1a,1,51
be03e97490b27e9dcf7fba4c56c66df1,1,51
c13c9da87301bb67e2cc0e240555a2ba,1,51
f1013f9d123b2dbad16ee79bc45d1d7b,1,51
12429b4f1cbe02253eeded516b2c1a23,0,52
2407dc29cf2ab352752d288c15d812b2,1,52
2407dc29cf2ab352752d288c15d812b2,0,52
3a95b00b13a3b83acac043538136d649,1,52
4a1fc3fbd1a7519790f68d02dba5dcae,0,52
57d458ece57979ea85d78a7692b6f9ec,0,52
81f9929cc1b60a5c314bde96350a3d59,1,52
9051edd1c8cb29a2c660dae5aa0c9f80,0,52
aba05e9ba7fdfe0164049eb9bfd495cf,3,52
b69ad349f20769d8698987e99a4e7931,0,52
bf9705f1d61996c8249264b20e6ea94e,3,52
c033509a43558478ae4caaa06d4a8b61,0,52
cd12e6c360e9e48b6e19797122450084,0,52
f55788cc03c1e5af845dc1f82cef4782,3,52
04b0ab631433b0a649ada62528f892f1,3,53
0ebcac3b71e42c82de194a7def5c04b9,3,53
260e341a628166bf868c778bcca8fdd7,1,53
aba05e9ba7fdfe0164049eb9bfd495cf,3,53
b519f151dfbe9ef4d72f9411d8f32128,1,53
b6f6fabc8d116b58764f66af10a7795f,0,53
bf9705f1d61996c8249264b20e6ea94e,3,53
c9f020bf6ab142285d58e5287fea25d8,1,53
f55788cc03c1e5af845dc1f82cef4782,3,53
f684c2d62492cc875037d1736af7fcb5,1,53
f8ca1af625c2ea4daf98ab1fc8b9cdef,1,53
10913dd340f3c937d756241717d30134,1,54
19c8dd7607d6f275f0760584820d3ee5,1,54
4996dcc43b5be197b5887a4e60817b1c,3,54
6e0d03c90552538a0f82852aeb9e6d76,0,54
78029d94de457165da1b2b5ba76e42b5,3,54
78e5d6839ba8979c303a076257c3cfbe,1,54
7bdefe00f29085f1eb5527514ced2f05,1,54
b9188354785014da419ddd5ce88562b9,0,54
eb3dcf793452dfb0bd8442f3c6fe2739,1,54
fed20d010a81c727e0054c7e0ff13716,3,54
11350c3ae817005a8ecdeafbd48b75ae,1,55
280b9da43c53ddd2cbe1b0c52143689a,0,55
6667561f4fc79ce129d782d7d3fca38f,3,55
7bdefe00f29085f1eb5527514ced2f05,1,55
c1d8a91657008ef6f1b876a19be178c1,1,55
c32178662baf70af2b48d246935aa2eb,3,55
e72ca6a43b717e157a393088178aa130,0,55
618ff64ab8a813ae2f2c0ffc4b86641e,1,56
a2df953dafc56a8f2d93ac1775820757,1,56
a9c8a50d59776690f264c310a5514dcc,1,56
aa6d9321e1f233f58efa8dd089d70d57,0,56
b349b1a70e6a580eccb689e6f2cb76b9,0,56
bb997d4a2059974d905959d4fed93dd6,1,56
c9f10b66d9ad08414842561f008ceef5,0,56
e72ca6a43b717e157a393088178aa130,0,56
eae815dbac9ddb49fcf84c3acb52ba08,3,56
f69a3ffc456a266894f523d0d4c81245,1,56
014723ad0c331c6b085808a63b674790,3,57
1d04bcd683377838580d82db48fb5c87,0,57
7a076925b6494fc1ccf0db99d7965203,1,57
5130617df070b5a541d6bcc0629b7702,0,58
6f76dbbed8cbde96bdddabf7b4cd46f2,1,58
780965ae22ea6aee11935f3fb73da841,1,58
de85abcfd1b7513615385173fe997466,3,58
f0168db4f293753151ce458c8ae0b715,3,58
103efc3e65dd18e2047dce06d9655961,3,59
11fd23c4f6b46ea8add6fa1f83f63ad8,0,59
433a7e8cd9f0588375d01f5e86b0f032,1,59
780965ae22ea6aee11935f3fb73da841,1,59
aab782bf62fd35f96b980e02a011cafd,1,59
822dcb3bf6d7b1d3e3fcedfa23f8ba8b,0,60
c7bc9b71fb410f0a822d0530a79c249e,0,60
f17317581b3d15ef781af8201b8c9c6d,1,60
362159e636f530d47b0b4ea5ea3742d1,0,61
3bd71d95559ccad4e78aa0d725890f7a,0,62
71681f2d0f0ab29fd4cdd67d381dcb51,1,62
8e7a1ecc946b9151dd1728c68562a11b,1,62
e530eb364302c7bc23d19d0575a7d9cd,1,62
698b672ebfa96e01cd926d8d980d8d02,0,63
1d328d8e2f53f7938d75c2fef7ff4b64,0,64
3bd0221c2875696d96418f1c21374be5,0,64
4d4eadbb57d186811c54b6df8b609a9b,3,64
74a22e99c1ec829073263150433b2cfd,1,64
94e7a33c281ea6e32ae29127b15e9809,1,64
1d328d8e2f53f7938d75c2fef7ff4b64,0,65
7863d9a021888888f0c7f258ad3fe15a,1,65
94e7a33c281ea6e32ae29127b15e9809,1,65
7863d9a021888888f0c7f258ad3fe15a,1,66
c4ace1b3502c205d946d46afc3de1766,1,66
64dae8b12ca1cc65dd92f6618c24ff7a,0,67
6c7b8b469fdc3bbe085782d057fe61d6,0,67
9ad03056b159059f958c30c54150764a,0,67
b152ac91400802bda1fc63ed958b42fd,0,67
d3fce4030571e6ed1c3cf89c7ef4e83c,1,67
d91df98ebc2754463117b426668be4c0,0,67
e10860423bd2ab8e6b5b870d2baf6a88,1,67
fc3e579dc310d6f9494f969166d516de,1,67
4613cc2f52e9476d41f27afc5e6b85c8,0,68
fc3e579dc310d6f9494f969166d516de,1,68
2206c0f55095e6cbf8bce0b2525ff926,1,69
7562c0b8f56db7b4520214e184596847,0,69
f45b23ef34b2615ce4b1e737517bcba2,0,69
ce38c696abe6773962fae0575de3101f,0,70
eefa0c7d94dcd4c2753fa6d8157beb92,0,70
aa1c7316620e8ea6518c97939fecacd6,1,72
9dff78e99932bb57ec2dd9f4c51d94f9,1,73
fa850ba060f8e88bf1395b7cb4f88d4c,0,73
3228f0257e2541632c06fcb2b7944784,3,74
9dff78e99932bb57ec2dd9f4c51d94f9,1,74
fa850ba060f8e88bf1395b7cb4f88d4c,0,74
0cd64d26bcc92f1e96419e6cfae01225,3,76
4ce45e97ceaf18b12054b8d2e098a1d2,0,76
9bdebc5d6a89f7249a4502b141aa9d67,0,79
dbda8420be34d6369204c8d7e55614dd,0,80
caacacc5a83a7a78ee82ff7d7a92dc43,0,90
cf3f4be4c6d8849feb5f0cca75c6188a,1,101
cf3f4be4c6d8849feb5f0cca75c6188a,1,102
dfd40464a2224bee70dfd3f3fb602849,1,102
05bc13e56efc7176801f357462530996,1,103
dfd40464a2224bee70dfd3f3fb602849,1,103
05bc13e56efc7176801f357462530996,1,104
261b1aa10d3ea399f1b404f3bfee137d,1,105
261b1aa10d3ea399f1b404f3bfee137d,1,106
0a3e4ab66f86aff3b860978cb7224384,1,108
904906f2a7c511a6c3ecaa84b6fd5205,1,121
62cb1b02c845efe41e4f41b8c1fc87fd,3,122
91e2cf26fcfb07feebeecb00afbebdf4,1,122
bb905d80051ff1d41eeef27c9f037de3,3,122
c7e51002277835729f695d6ebe4321f7,1,122
d5cba2a4e2f99ed7a599ec39aac2aa34,1,122
ea9be6ea49c5c752abb11953955c90e4,1,122
f5bff02c9cd125d255a41bba3ff614aa,1,122
62cb1b02c845efe41e4f41b8c1fc87fd,3,123
a09b68ada5e8b2060f380a53c02cf3d8,1,123
bb905d80051ff1d41eeef27c9f037de3,3,123
c7e51002277835729f695d6ebe4321f7,1,123
ca04bf91675522debb01117dde6aede0,3,123
e5303bee3a2d02d14b8df1868fae1baf,3,123
ea9be6ea49c5c752abb11953955c90e4,1,123
f5bff02c9cd125d255a41bba3ff614aa,1,123
